servicio,estrato,suscriptores,cobertura,periodo
Acueducto,1,8809.0,90%,31/12/2019
Alcantarillado,1,8173.0,84%,31/12/2019
Aseo,1,8494.0,87%,31/12/2019
Acueducto,2,14632.0,95%,31/12/2019
Alcantarillado,2,14353.0,94%,31/12/2019
Aseo,2,14111.0,92%,31/12/2019
Acueducto,3,8.0,80%,31/12/2019
Alcantarillado,3,12.0,120%,31/12/2019
Aseo,3,4.0,40%,31/12/2019
Acueducto,4,3.0,300%,31/12/2019
Alcantarillado,4,6.0,600%,31/12/2019
Aseo,4,9.0,900%,31/12/2019
Acueducto,1,2335.0,93%,31/12/2019
Alcantarillado,1,2164.0,86%,31/12/2019
Aseo,1,2548.0,101%,31/12/2019
Acueducto,2,17064.0,96%,31/12/2019
Alcantarillado,2,16649.0,94%,31/12/2019
Aseo,2,16562.0,93%,31/12/2019
Acueducto,3,12.0,32%,31/12/2019
Alcantarillado,3,19.0,51%,31/12/2019
Aseo,3,11.0,30%,31/12/2019
Acueducto,4,3.0,300%,31/12/2019
Alcantarillado,4,4.0,400%,31/12/2019
Aseo,4,13.0,1300%,31/12/2019
Acueducto,1,6843.0,84%,31/12/2019
Alcantarillado,1,6488.0,79%,31/12/2019
Aseo,1,7169.0,88%,31/12/2019
Acueducto,2,19200.0,97%,31/12/2019
Alcantarillado,2,19165.0,97%,31/12/2019
Aseo,2,18933.0,96%,31/12/2019
Acueducto,3,5711.0,95%,31/12/2019
Alcantarillado,3,5685.0,94%,31/12/2019
Aseo,3,5706.0,94%,31/12/2019
Acueducto,4,22.0,63%,31/12/2019
Alcantarillado,4,22.0,63%,31/12/2019
Aseo,4,24.0,69%,31/12/2019
Acueducto,5,2.0,33%,31/12/2019
Alcantarillado,5,2.0,33%,31/12/2019
Aseo,5,1.0,17%,31/12/2019
Acueducto,1,3128.0,101%,31/12/2019
Alcantarillado,1,2769.0,89%,31/12/2019
Aseo,1,3123.0,101%,31/12/2019
Acueducto,2,12820.0,102%,31/12/2019
Alcantarillado,2,12592.0,100%,31/12/2019
Aseo,2,12914.0,103%,31/12/2019
Acueducto,3,22242.0,94%,31/12/2019
Alcantarillado,3,22018.0,93%,31/12/2019
Aseo,3,22251.0,94%,31/12/2019
Acueducto,4,32.0,123%,31/12/2019
Alcantarillado,4,38.0,146%,31/12/2019
Aseo,4,41.0,158%,31/12/2019
Acueducto,1,299.0,74%,31/12/2019
Alcantarillado,1,113.0,28%,31/12/2019
Aseo,1,274.0,68%,31/12/2019
Acueducto,2,3695.0,105%,31/12/2019
Alcantarillado,2,2886.0,82%,31/12/2019
Aseo,2,3390.0,96%,31/12/2019
Acueducto,3,24054.0,97%,31/12/2019
Alcantarillado,3,24080.0,97%,31/12/2019
Aseo,3,24149.0,97%,31/12/2019
Acueducto,4,523.0,90%,31/12/2019
Alcantarillado,4,527.0,91%,31/12/2019
Aseo,4,531.0,91%,31/12/2019
Acueducto,1,5756.0,117%,31/12/2019
Alcantarillado,1,5757.0,117%,31/12/2019
Aseo,1,5777.0,118%,31/12/2019
Acueducto,2,20423.0,97%,31/12/2019
Alcantarillado,2,20364.0,96%,31/12/2019
Aseo,2,20240.0,96%,31/12/2019
Acueducto,3,10780.0,93%,31/12/2019
Alcantarillado,3,10780.0,93%,31/12/2019
Aseo,3,10737.0,92%,31/12/2019
Acueducto,4,2.0,50%,31/12/2019
Alcantarillado,4,1.0,25%,31/12/2019
Aseo,4,16.0,400%,31/12/2019
Acueducto,1,5502.0,152%,31/12/2019
Alcantarillado,1,5511.0,152%,31/12/2019
Aseo,1,5710.0,157%,31/12/2019
Acueducto,2,18999.0,84%,31/12/2019
Alcantarillado,2,18929.0,84%,31/12/2019
Aseo,2,18580.0,83%,31/12/2019
Acueducto,3,17220.0,101%,31/12/2019
Alcantarillado,3,17183.0,101%,31/12/2019
Aseo,3,17788.0,105%,31/12/2019
Acueducto,4,6827.0,103%,31/12/2019
Alcantarillado,4,6832.0,103%,31/12/2019
Aseo,4,6.544,99%,31/12/2019
Acueducto,5,1586.0,85%,31/12/2019
Alcantarillado,5,1581.0,85%,31/12/2019
Aseo,5,1496.0,81%,31/12/2019
Acueducto,1,9149.0,90%,31/12/2019
Alcantarillado,1,9591.0,95%,31/12/2019
Aseo,1,9377.0,93%,31/12/2019
Acueducto,2,12600.0,97%,31/12/2019
Alcantarillado,2,12471.0,96%,31/12/2019
Aseo,2,12458.0,96%,31/12/2019
Acueducto,3,10437.0,96%,31/12/2019
Alcantarillado,3,10397.0,96%,31/12/2019
Aseo,3,10449.0,96%,31/12/2019
Acueducto,4,1268.0,125%,31/12/2019
Alcantarillado,4,1288.0,127%,31/12/2019
Aseo,4,1266.0,125%,31/12/2019
Acueducto,1,1551.0,103%,31/12/2019
Alcantarillado,1,1583.0,105%,31/12/2019
Aseo,1,1545.0,102%,31/12/2019
Acueducto,2,8050.0,95%,31/12/2019
Alcantarillado,2,8091.0,96%,31/12/2019
Aseo,2,8057.0,96%,31/12/2019
Acueducto,3,27585.0,98%,31/12/2019
Alcantarillado,3,27646.0,99%,31/12/2019
Aseo,3,27130.0,97%,31/12/2019
Acueducto,4,5939.0,97%,31/12/2019
Alcantarillado,4,5939.0,97%,31/12/2019
Aseo,4,6384.0,105%,31/12/2019
Acueducto,5,310.0,99%,31/12/2019
Alcantarillado,5,311.0,99%,31/12/2019
Aseo,5,469.0,150%,31/12/2019
Acueducto,6,439.0,100%,31/12/2019
Alcantarillado,6,438.0,99%,31/12/2019
Aseo,6,441.0,100%,31/12/2019
Acueducto,1,201.0,84%,31/12/2019
Alcantarillado,1,209.0,87%,31/12/2019
Aseo,1,250.0,105%,31/12/2019
Acueducto,2,2275.0,108%,31/12/2019
Alcantarillado,2,2272.0,108%,31/12/2019
Aseo,2,2646.0,125%,31/12/2019
Acueducto,3,10295.0,98%,31/12/2019
Alcantarillado,3,10255.0,97%,31/12/2019
Aseo,3,10244.0,97%,31/12/2019
Acueducto,4,15506.0,91%,31/12/2019
Alcantarillado,4,15549.0,91%,31/12/2019
Aseo,4,15811.0,92%,31/12/2019
Acueducto,5,1587.0,94%,31/12/2019
Alcantarillado,5,1587.0,94%,31/12/2019
Aseo,5,1452.0,86%,31/12/2019
Acueducto,1,1.0,100%,31/12/2019
Alcantarillado,1,1.0,100%,31/12/2019
Aseo,1,2.0,200%,31/12/2019
Acueducto,2,29.0,74%,31/12/2019
Alcantarillado,2,27.0,69%,31/12/2019
Aseo,2,32.0,82%,31/12/2019
Acueducto,3,260.0,67%,31/12/2019
Alcantarillado,3,259.0,67%,31/12/2019
Aseo,3,387.0,100%,31/12/2019
Acueducto,4,12981.0,99%,31/12/2019
Alcantarillado,4,12978.0,99%,31/12/2019
Aseo,4,12951.0,99%,31/12/2019
Acueducto,5,26158.0,100%,31/12/2019
Alcantarillado,5,26114.0,100%,31/12/2019
Aseo,5,26192.0,100%,31/12/2019
Acueducto,6,194.0,15%,31/12/2019
Alcantarillado,6,189.0,15%,31/12/2019
Aseo,6,121.0,9%,31/12/2019
Acueducto,1,60.0,113%,31/12/2019
Alcantarillado,1,62.0,117%,31/12/2019
Aseo,1,47.0,89%,31/12/2019
Acueducto,2,488.0,126%,31/12/2019
Alcantarillado,2,481.0,124%,31/12/2019
Aseo,2,492.0,127%,31/12/2019
Acueducto,3,8526.0,105%,31/12/2019
Alcantarillado,3,8538.0,105%,31/12/2019
Aseo,3,8735.0,108%,31/12/2019
Acueducto,4,14672.0,95%,31/12/2019
Alcantarillado,4,14652.0,94%,31/12/2019
Aseo,4,14671.0,95%,31/12/2019
Acueducto,5,8976.0,96%,31/12/2019
Alcantarillado,5,9045.0,97%,31/12/2019
Aseo,5,9006.0,96%,31/12/2019
Acueducto,6,6.0,5%,31/12/2019
Alcantarillado,6,6.0,5%,31/12/2019
Aseo,6,20.0,16%,31/12/2019
Acueducto,1,10971.0,99%,31/12/2019
Alcantarillado,1,11092.0,100%,31/12/2019
Aseo,1,10744.0,97%,31/12/2019
Acueducto,2,12868.0,93%,31/12/2019
Alcantarillado,2,12876.0,93%,31/12/2019
Aseo,2,12955.0,94%,31/12/2019
Acueducto,3,10737.0,103%,31/12/2019
Alcantarillado,3,10722.0,103%,31/12/2019
Aseo,3,10786.0,103%,31/12/2019
Acueducto,4,3088.0,94%,31/12/2019
Alcantarillado,4,3086.0,94%,31/12/2019
Aseo,4,3085.0,94%,31/12/2019
Acueducto,5,0.0,0%,31/12/2019
Alcantarillado,5,0.0,0%,31/12/2019
Aseo,5,13.0,39%,31/12/2019
Acueducto,1,8.0,67%,31/12/2019
Alcantarillado,1,9.0,75%,31/12/2019
Aseo,1,10.0,83%,31/12/2019
Acueducto,2,398.0,111%,31/12/2019
Alcantarillado,2,397.0,111%,31/12/2019
Aseo,2,490.0,136%,31/12/2019
Acueducto,3,411.0,87%,31/12/2019
Alcantarillado,3,408.0,86%,31/12/2019
Aseo,3,465.0,98%,31/12/2019
Acueducto,4,1434.0,119%,31/12/2019
Alcantarillado,4,1428.0,118%,31/12/2019
Aseo,4,1701.0,141%,31/12/2019
Acueducto,5,9309.0,116%,31/12/2019
Alcantarillado,5,9318.0,116%,31/12/2019
Aseo,5,9235.0,115%,31/12/2019
Acueducto,6,36351.0,94%,31/12/2019
Alcantarillado,6,36403.0,94%,31/12/2019
Aseo,6,36174.0,93%,31/12/2019
Acueducto,1,87.0,114%,31/12/2019
Alcantarillado,1,81.0,107%,31/12/2019
Aseo,1,88.0,116%,31/12/2019
Acueducto,2,2224.0,103%,31/12/2019
Alcantarillado,2,2237.0,104%,31/12/2019
Aseo,2,2160.0,100%,31/12/2019
Acueducto,3,9082.0,97%,31/12/2019
Alcantarillado,3,9046.0,96%,31/12/2019
Aseo,3,9069.0,97%,31/12/2019
Acueducto,4,5070.0,94%,31/12/2019
Alcantarillado,4,5064.0,94%,31/12/2019
Aseo,4,5069.0,94%,31/12/2019
Acueducto,5,11.0,38%,31/12/2019
Alcantarillado,5,11.0,38%,31/12/2019
Aseo,5,2.0,7%,31/12/2019
Acueducto,1,801.0,112%,31/12/2019
Alcantarillado,1,794.0,111%,31/12/2019
Aseo,1,801.0,112%,31/12/2019
Acueducto,2,7988.0,102%,31/12/2019
Alcantarillado,2,8013.0,102%,31/12/2019
Aseo,2,7927.0,101%,31/12/2019
Acueducto,3,25097.0,99%,31/12/2019
Alcantarillado,3,25083.0,99%,31/12/2019
Aseo,3,25210.0,100%,31/12/2019
Acueducto,4,18456.0,93%,31/12/2019
Alcantarillado,4,18467.0,93%,31/12/2019
Aseo,4,18130.0,91%,31/12/2019
Acueducto,5,15277.0,101%,31/12/2019
Alcantarillado,5,15295.0,101%,31/12/2019
Aseo,5,15469.0,102%,31/12/2019
Acueducto,6,52.0,46%,31/12/2019
Alcantarillado,6,53.0,47%,31/12/2019
Aseo,6,23.0,21%,31/12/2019
Acueducto,1,94.0,409%,31/12/2019
Alcantarillado,1,3.0,13%,31/12/2019
Aseo,1,223.0,970%,31/12/2019
Acueducto,2,211.0,14%,31/12/2019
Alcantarillado,2,209.0,14%,31/12/2019
Aseo,2,510.0,35%,31/12/2019
Acueducto,3,30.0,14%,31/12/2019
Alcantarillado,3,19.0,9%,31/12/2019
Aseo,3,29.0,14%,31/12/2019
Acueducto,4,3.0,43%,31/12/2019
Alcantarillado,4,30.0,429%,31/12/2019
Aseo,4,8.0,114%,31/12/2019
Acueducto,1,6025.0,154%,31/12/2019
Alcantarillado,1,6066.0,155%,31/12/2019
Aseo,1,6818.0,174%,31/12/2019
Acueducto,2,14371.0,83%,31/12/2019
Alcantarillado,2,12429.0,72%,31/12/2019
Aseo,2,13451.0,77%,31/12/2019
Acueducto,3,8517.0,83%,31/12/2019
Alcantarillado,3,8176.0,80%,31/12/2019
Aseo,3,8263.0,81%,31/12/2019
Acueducto,4,1666.0,93%,31/12/2019
Alcantarillado,4,1666.0,93%,31/12/2019
Aseo,4,1717.0,96%,31/12/2019
Acueducto,5,5.0,25%,31/12/2019
Alcantarillado,5,0.0,0%,31/12/2019
Aseo,5,12.0,60%,31/12/2019
Acueducto,1,547.0,180%,31/12/2019
Alcantarillado,1,430.0,141%,31/12/2019
Aseo,1,498.0,164%,31/12/2019
Acueducto,2,2304.0,54%,31/12/2019
Alcantarillado,2,3670.0,87%,31/12/2019
Aseo,2,2947.0,70%,31/12/2019
Acueducto,3,809.0,78%,31/12/2019
Alcantarillado,3,806.0,78%,31/12/2019
Aseo,3,908.0,87%,31/12/2019
Acueducto,4,904.0,67%,31/12/2019
Alcantarillado,4,955.0,71%,31/12/2019
Aseo,4,904.0,67%,31/12/2019
Acueducto,5,2709.0,100%,31/12/2019
Alcantarillado,5,2707.0,100%,31/12/2019
Aseo,5,2705.0,100%,31/12/2019
Acueducto,1,534.0,545%,31/12/2019
Alcantarillado,1,541.0,552%,31/12/2019
Aseo,1,826.0,843%,31/12/2019
Acueducto,2,13663.0,104%,31/12/2019
Alcantarillado,2,12710.0,97%,31/12/2019
Aseo,2,14578.0,111%,31/12/2019
Acueducto,3,15143.0,83%,31/12/2019
Alcantarillado,3,14985.0,82%,31/12/2019
Aseo,3,14946.0,82%,31/12/2019
Acueducto,4,66.0,54%,31/12/2019
Alcantarillado,4,28.0,23%,31/12/2019
Aseo,4,98.0,80%,31/12/2019
Acueducto,5,12.0,171%,31/12/2019
Alcantarillado,5,14.0,200%,31/12/2019
Aseo,5,4.0,57%,31/12/2019
Acueducto,1,1300.0,68%,31/12/2019
Alcantarillado,1,1039.0,55%,31/12/2019
Aseo,1,1169.0,61%,31/12/2019
Acueducto,2,2699.0,61%,31/12/2019
Alcantarillado,2,104.0,2%,31/12/2019
Aseo,2,2414.0,55%,31/12/2019
Acueducto,3,899.0,42%,31/12/2019
Alcantarillado,3,17.0,1%,31/12/2019
Aseo,3,930.0,44%,31/12/2019
Acueducto,4,210.0,85%,31/12/2019
Alcantarillado,4,14.0,6%,31/12/2019
Aseo,4,151.0,61%,31/12/2019
Acueducto,5,140.0,63%,31/12/2019
Alcantarillado,5,139.0,62%,31/12/2019
Aseo,5,177.0,79%,31/12/2019
Acueducto,6,109.0,22%,31/12/2019
Alcantarillado,6,135.0,27%,31/12/2019
Aseo,6,129.0,26%,31/12/2019
Acueducto,1,8977.0,90.69%,31/12/2018
Alcantarillado,1,7931.0,80.12%,31/12/2018
Aseo,1,8464.0,85.50%,31/12/2018
Acueducto,2,15092.0,97.77%,31/12/2018
Alcantarillado,2,14836.0,96.11%,31/12/2018
Aseo,2,14945.0,96.81%,31/12/2018
Acueducto,3,5.0,55.56%,31/12/2018
Alcantarillado,3,6.0,66.67%,31/12/2018
Aseo,3,7.0,77.78%,31/12/2018
Acueducto,4,4.0,100.00%,31/12/2018
Alcantarillado,4,4.0,100.00%,31/12/2018
Aseo,4,4.0,100.00%,31/12/2018
Acueducto,1,2465.0,89.41%,31/12/2018
Alcantarillado,1,2126.0,77.11%,31/12/2018
Aseo,1,2471.0,89.63%,31/12/2018
Acueducto,2,17358.0,96.79%,31/12/2018
Alcantarillado,2,16897.0,94.22%,31/12/2018
Aseo,2,17354.0,96.77%,31/12/2018
Acueducto,3,10.0,62.50%,31/12/2018
Alcantarillado,3,10.0,62.50%,31/12/2018
Aseo,3,15.0,93.75%,31/12/2018
Acueducto,4,5.0,100.00%,31/12/2018
Alcantarillado,4,5.0,100.00%,31/12/2018
Aseo,4,5.0,100.00%,31/12/2018
Acueducto,1,5740.0,72.68%,31/12/2018
Alcantarillado,1,5021.0,63.57%,31/12/2018
Aseo,1,5640.0,71.41%,31/12/2018
Acueducto,2,19479.0,98.47%,31/12/2018
Alcantarillado,2,19396.0,98.05%,31/12/2018
Aseo,2,19366.0,97.90%,31/12/2018
Acueducto,3,5762.0,98.60%,31/12/2018
Alcantarillado,3,5710.0,97.71%,31/12/2018
Aseo,3,5730.0,98.05%,31/12/2018
Acueducto,4,18.0,100.00%,31/12/2018
Alcantarillado,4,18.0,100.00%,31/12/2018
Aseo,4,18.0,100.00%,31/12/2018
Acueducto,5,4.0,100.00%,31/12/2018
Alcantarillado,5,4.0,100.00%,31/12/2018
Aseo,5,4.0,100.00%,31/12/2018
Acueducto,1,2370.0,95.18%,31/12/2018
Alcantarillado,1,1772.0,71.16%,31/12/2018
Aseo,1,2231.0,89.60%,31/12/2018
Acueducto,2,9954.0,98.52%,31/12/2018
Alcantarillado,2,9655.0,95.56%,31/12/2018
Aseo,2,9900.0,97.98%,31/12/2018
Acueducto,3,19395.0,98.48%,31/12/2018
Alcantarillado,3,19076.0,96.86%,31/12/2018
Aseo,3,19401.0,98.51%,31/12/2018
Acueducto,4,39.0,97.50%,31/12/2018
Alcantarillado,4,39.0,97.50%,31/12/2018
Aseo,4,36.0,90.00%,31/12/2018
Acueducto,1,255.0,85.86%,31/12/2018
Alcantarillado,1,104.0,35.02%,31/12/2018
Aseo,1,228.0,76.77%,31/12/2018
Acueducto,2,3680.0,96.21%,31/12/2018
Alcantarillado,2,2801.0,73.23%,31/12/2018
Aseo,2,3635.0,95.03%,31/12/2018
Acueducto,3,24642.0,98.65%,31/12/2018
Alcantarillado,3,24780.0,99.20%,31/12/2018
Aseo,3,24635.0,98.62%,31/12/2018
Acueducto,4,540.0,98.90%,31/12/2018
Alcantarillado,4,542.0,99.27%,31/12/2018
Aseo,4,507.0,92.86%,31/12/2018
Acueducto,1,5789.0,98.57%,31/12/2018
Alcantarillado,1,5739.0,97.72%,31/12/2018
Aseo,1,5742.0,97.77%,31/12/2018
Acueducto,2,20829.0,98.78%,31/12/2018
Alcantarillado,2,20676.0,98.06%,31/12/2018
Aseo,2,20769.0,98.50%,31/12/2018
Acueducto,3,10909.0,98.80%,31/12/2018
Alcantarillado,3,10877.0,98.51%,31/12/2018
Aseo,3,10824.0,98.03%,31/12/2018
Acueducto,4,3.0,100.00%,31/12/2018
Alcantarillado,4,3.0,100.00%,31/12/2018
Aseo,4,3.0,100.00%,31/12/2018
Acueducto,1,4103.0,92.68%,31/12/2018
Alcantarillado,1,3759.0,84.91%,31/12/2018
Aseo,1,3912.0,88.37%,31/12/2018
Acueducto,2,19140.0,98.14%,31/12/2018
Alcantarillado,2,19007.0,97.46%,31/12/2018
Aseo,2,19030.0,97.57%,31/12/2018
Acueducto,3,18562.0,99.59%,31/12/2018
Alcantarillado,3,18277.0,98.06%,31/12/2018
Aseo,3,18015.0,96.66%,31/12/2018
Acueducto,4,6459.0,89.47%,31/12/2018
Alcantarillado,4,7201.0,99.75%,31/12/2018
Aseo,4,6379.0,88.36%,31/12/2018
Acueducto,5,1747.0,100.00%,31/12/2018
Alcantarillado,5,1745.0,99.89%,31/12/2018
Aseo,5,1695.0,97.02%,31/12/2018
Acueducto,1,9373.0,90.63%,31/12/2018
Alcantarillado,1,9076.0,87.76%,31/12/2018
Aseo,1,9078.0,87.78%,31/12/2018
Acueducto,2,12762.0,97.58%,31/12/2018
Alcantarillado,2,12284.0,93.92%,31/12/2018
Aseo,2,12727.0,97.31%,31/12/2018
Acueducto,3,10765.0,98.82%,31/12/2018
Alcantarillado,3,10687.0,98.10%,31/12/2018
Aseo,3,10759.0,98.76%,31/12/2018
Acueducto,4,1338.0,99.11%,31/12/2018
Alcantarillado,4,1327.0,98.30%,31/12/2018
Aseo,4,1310.0,97.04%,31/12/2018
Acueducto,1,1310.0,93.50%,31/12/2018
Alcantarillado,1,1340.0,95.65%,31/12/2018
Aseo,1,1289.0,92.01%,31/12/2018
Acueducto,2,7950.0,98.32%,31/12/2018
Alcantarillado,2,8021.0,99.20%,31/12/2018
Aseo,2,7833.0,96.87%,31/12/2018
Acueducto,3,27064.0,98.68%,31/12/2018
Alcantarillado,3,27169.0,99.06%,31/12/2018
Aseo,3,27006.0,98.47%,31/12/2018
Acueducto,4,6140.0,99.85%,31/12/2018
Alcantarillado,4,6096.0,99.14%,31/12/2018
Aseo,4,6037.0,98.18%,31/12/2018
Acueducto,5,311.0,99.68%,31/12/2018
Alcantarillado,5,311.0,99.68%,31/12/2018
Aseo,5,310.0,99.36%,31/12/2018
Acueducto,6,284.0,100.00%,31/12/2018
Alcantarillado,6,284.0,100.00%,31/12/2018
Aseo,6,283.0,99.65%,31/12/2018
Acueducto,1,2.0,100.00%,31/12/2018
Alcantarillado,1,2.0,100.00%,31/12/2018
Aseo,1,2.0,100.00%,31/12/2018
Acueducto,2,1611.0,97.70%,31/12/2018
Alcantarillado,2,1649.0,100.00%,31/12/2018
Aseo,2,1616.0,98.00%,31/12/2018
Acueducto,3,10338.0,98.58%,31/12/2018
Alcantarillado,3,10411.0,99.28%,31/12/2018
Aseo,3,10261.0,97.84%,31/12/2018
Acueducto,4,17936.0,97.71%,31/12/2018
Alcantarillado,4,18044.0,98.29%,31/12/2018
Aseo,4,17431.0,94.96%,31/12/2018
Acueducto,5,1414.0,100.00%,31/12/2018
Alcantarillado,5,1414.0,100.00%,31/12/2018
Aseo,5,1407.0,99.50%,31/12/2018
Acueducto,1,2.0,100.00%,31/12/2018
Alcantarillado,1,2.0,100.00%,31/12/2018
Aseo,1,2.0,100.00%,31/12/2018
Acueducto,2,169.0,100.00%,31/12/2018
Alcantarillado,2,169.0,100.00%,31/12/2018
Aseo,2,165.0,97.63%,31/12/2018
Acueducto,3,404.0,98.78%,31/12/2018
Alcantarillado,3,409.0,100.00%,31/12/2018
Aseo,3,399.0,97.56%,31/12/2018
Acueducto,4,14799.0,99.10%,31/12/2018
Alcantarillado,4,14754.0,98.80%,31/12/2018
Aseo,4,14195.0,95.06%,31/12/2018
Acueducto,5,31486.0,99.51%,31/12/2018
Alcantarillado,5,31173.0,98.52%,31/12/2018
Aseo,5,29924.0,94.57%,31/12/2018
Acueducto,6,130.0,89.66%,31/12/2018
Alcantarillado,6,131.0,90.34%,31/12/2018
Aseo,6,130.0,89.66%,31/12/2018
Acueducto,1,51.0,100.00%,31/12/2018
Alcantarillado,1,51.0,100.00%,31/12/2018
Aseo,1,50.0,98.04%,31/12/2018
Acueducto,2,722.0,99.72%,31/12/2018
Alcantarillado,2,716.0,98.90%,31/12/2018
Aseo,2,717.0,99.03%,31/12/2018
Acueducto,3,8787.0,99.29%,31/12/2018
Alcantarillado,3,8850.0,100.00%,31/12/2018
Aseo,3,8710.0,98.42%,31/12/2018
Acueducto,4,17183.0,99.39%,31/12/2018
Alcantarillado,4,17276.0,99.92%,31/12/2018
Aseo,4,16868.0,97.56%,31/12/2018
Acueducto,5,12426.0,99.42%,31/12/2018
Alcantarillado,5,12015.0,96.14%,31/12/2018
Aseo,5,11630.0,93.05%,31/12/2018
Acueducto,6,7.0,100.00%,31/12/2018
Alcantarillado,6,7.0,100.00%,31/12/2018
Aseo,6,7.0,100.00%,31/12/2018
Acueducto,1,11071.0,95.64%,31/12/2018
Alcantarillado,1,10917.0,94.31%,31/12/2018
Aseo,1,11025.0,95.24%,31/12/2018
Acueducto,2,13504.0,98.98%,31/12/2018
Alcantarillado,2,13371.0,98.01%,31/12/2018
Aseo,2,13410.0,98.29%,31/12/2018
Acueducto,3,11769.0,99.19%,31/12/2018
Alcantarillado,3,11761.0,99.12%,31/12/2018
Aseo,3,11705.0,98.65%,31/12/2018
Acueducto,4,3477.0,99.77%,31/12/2018
Alcantarillado,4,3466.0,99.45%,31/12/2018
Aseo,4,3435.0,98.57%,31/12/2018
Acueducto,5,1.0,25.00%,31/12/2018
Alcantarillado,5,1.0,25.00%,31/12/2018
Aseo,5,1.0,25.00%,31/12/2018
Acueducto,1,4.0,80.00%,31/12/2018
Alcantarillado,1,4.0,80.00%,31/12/2018
Aseo,1,5.0,100.00%,31/12/2018
Acueducto,2,393.0,99.24%,31/12/2018
Alcantarillado,2,389.0,98.23%,31/12/2018
Aseo,2,394.0,99.49%,31/12/2018
Acueducto,3,476.0,96.95%,31/12/2018
Alcantarillado,3,485.0,98.78%,31/12/2018
Aseo,3,480.0,97.76%,31/12/2018
Acueducto,4,2181.0,98.55%,31/12/2018
Alcantarillado,4,2200.0,99.41%,31/12/2018
Aseo,4,2074.0,93.72%,31/12/2018
Acueducto,5,10920.0,98.81%,31/12/2018
Alcantarillado,5,10808.0,97.80%,31/12/2018
Aseo,5,10767.0,97.43%,31/12/2018
Acueducto,6,47262.0,99.53%,31/12/2018
Alcantarillado,6,47017.0,99.01%,31/12/2018
Aseo,6,45270.0,95.34%,31/12/2018
Acueducto,1,73.0,92.41%,31/12/2018
Alcantarillado,1,76.0,96.20%,31/12/2018
Aseo,1,66.0,83.54%,31/12/2018
Acueducto,2,2335.0,98.82%,31/12/2018
Alcantarillado,2,2351.0,99.49%,31/12/2018
Aseo,2,2324.0,98.35%,31/12/2018
Acueducto,3,9433.0,98.42%,31/12/2018
Alcantarillado,3,9584.0,100.00%,31/12/2018
Aseo,3,9458.0,98.69%,31/12/2018
Acueducto,4,5241.0,98.79%,31/12/2018
Alcantarillado,4,5278.0,99.49%,31/12/2018
Aseo,4,5240.0,98.77%,31/12/2018
Acueducto,5,2.0,66.67%,31/12/2018
Alcantarillado,5,2.0,66.67%,31/12/2018
Aseo,5,2.0,66.67%,31/12/2018
Acueducto,1,684.0,97.71%,31/12/2018
Alcantarillado,1,667.0,95.29%,31/12/2018
Aseo,1,672.0,96.00%,31/12/2018
Acueducto,2,7745.0,98.54%,31/12/2018
Alcantarillado,2,7820.0,99.49%,31/12/2018
Aseo,2,7620.0,96.95%,31/12/2018
Acueducto,3,25305.0,99.27%,31/12/2018
Alcantarillado,3,25163.0,98.71%,31/12/2018
Aseo,3,24488.0,96.06%,31/12/2018
Acueducto,4,20526.0,99.59%,31/12/2018
Alcantarillado,4,20591.0,99.90%,31/12/2018
Aseo,4,20138.0,97.71%,31/12/2018
Acueducto,5,21402.0,99.50%,31/12/2018
Alcantarillado,5,20928.0,97.29%,31/12/2018
Aseo,5,20542.0,95.50%,31/12/2018
Acueducto,6,9.0,100.00%,31/12/2018
Alcantarillado,6,9.0,100.00%,31/12/2018
Aseo,6,6.0,66.67%,31/12/2018
Acueducto,1,108.0,95.58%,31/12/2018
Alcantarillado,1,0.0,0.00%,31/12/2018
Aseo,1,1.0,0.88%,31/12/2018
Acueducto,2,149.0,25.56%,31/12/2018
Alcantarillado,2,174.0,29.85%,31/12/2018
Aseo,2,63.0,10.81%,31/12/2018
Acueducto,3,112.0,98.25%,31/12/2018
Alcantarillado,3,92.0,80.70%,31/12/2018
Aseo,3,27.0,23.68%,31/12/2018
Acueducto,4,1.0,25.00%,31/12/2018
Alcantarillado,4,1.0,25.00%,31/12/2018
Aseo,4,1.0,25.00%,31/12/2018
Acueducto,1,6098.0,92.32%,31/12/2018
Alcantarillado,1,5857.0,88.68%,31/12/2018
Aseo,1,5660.0,85.69%,31/12/2018
Acueducto,2,14927.0,98.55%,31/12/2018
Alcantarillado,2,12098.0,79.88%,31/12/2018
Aseo,2,12735.0,84.08%,31/12/2018
Acueducto,3,7908.0,92.36%,31/12/2018
Alcantarillado,3,7430.0,86.78%,31/12/2018
Aseo,3,7468.0,87.22%,31/12/2018
Acueducto,4,1761.0,95.19%,31/12/2018
Alcantarillado,4,1744.0,94.27%,31/12/2018
Aseo,4,1771.0,95.73%,31/12/2018
Acueducto,5,18.0,100.00%,31/12/2018
Alcantarillado,5,1.0,5.56%,31/12/2018
Aseo,5,9.0,50.00%,31/12/2018
Acueducto,1,411.0,100.00%,31/12/2018
Alcantarillado,1,382.0,92.94%,31/12/2018
Aseo,1,349.0,84.91%,31/12/2018
Acueducto,2,3848.0,100.00%,31/12/2018
Alcantarillado,2,3599.0,93.53%,31/12/2018
Aseo,2,3365.0,87.45%,31/12/2018
Acueducto,3,882.0,87.94%,31/12/2018
Alcantarillado,3,925.0,92.22%,31/12/2018
Aseo,3,940.0,93.72%,31/12/2018
Acueducto,4,916.0,97.97%,31/12/2018
Alcantarillado,4,930.0,99.47%,31/12/2018
Aseo,4,931.0,99.57%,31/12/2018
Acueducto,5,2403.0,48.17%,31/12/2018
Alcantarillado,5,4988.0,99.98%,31/12/2018
Aseo,5,2401.0,48.13%,31/12/2018
Acueducto,1,482.0,99.59%,31/12/2018
Alcantarillado,1,475.0,98.14%,31/12/2018
Aseo,1,472.0,97.52%,31/12/2018
Acueducto,2,14620.0,100.00%,31/12/2018
Alcantarillado,2,12992.0,88.86%,31/12/2018
Aseo,2,13804.0,94.42%,31/12/2018
Acueducto,3,15539.0,93.99%,31/12/2018
Alcantarillado,3,15100.0,91.33%,31/12/2018
Aseo,3,15951.0,96.48%,31/12/2018
Acueducto,4,122.0,100.00%,31/12/2018
Alcantarillado,4,103.0,84.43%,31/12/2018
Aseo,4,102.0,83.61%,31/12/2018
Acueducto,5,5.0,100.00%,31/12/2018
Alcantarillado,5,5.0,100.00%,31/12/2018
Aseo,5,5.0,100.00%,31/12/2018
Acueducto,1,747.0,44.95%,31/12/2018
Alcantarillado,1,475.0,28.58%,31/12/2018
Aseo,1,503.0,30.26%,31/12/2018
Acueducto,2,2161.0,100.00%,31/12/2018
Alcantarillado,2,160.0,7.40%,31/12/2018
Aseo,2,586.0,27.12%,31/12/2018
Acueducto,3,683.0,100.00%,31/12/2018
Alcantarillado,3,8.0,1.17%,31/12/2018
Aseo,3,235.0,34.41%,31/12/2018
Acueducto,4,149.0,100.00%,31/12/2018
Alcantarillado,4,7.0,4.70%,31/12/2018
Aseo,4,46.0,30.87%,31/12/2018
Acueducto,5,64.0,60.38%,31/12/2018
Alcantarillado,5,62.0,58.49%,31/12/2018
Aseo,5,51.0,48.11%,31/12/2018
Acueducto,6,95.0,25.13%,31/12/2018
Alcantarillado,6,153.0,40.48%,31/12/2018
Aseo,6,143.0,37.83%,31/12/2018
Acueducto,1,8983.0,89.35%,31/12/2017
Alcantarillado,1,7912.0,78.70%,31/12/2017
Aseo,1,8388.0,83.43%,31/12/2017
Acueducto,2,15168.0,98.14%,31/12/2017
Alcantarillado,2,14836.0,95.99%,31/12/2017
Aseo,2,14967.0,96.84%,31/12/2017
Acueducto,3,11.0,91.67%,31/12/2017
Alcantarillado,3,12.0,100.00%,31/12/2017
Aseo,3,12.0,100.00%,31/12/2017
Acueducto,4,5.0,83.33%,31/12/2017
Alcantarillado,4,5.0,83.33%,31/12/2017
Aseo,4,6.0,100.00%,31/12/2017
Acueducto,1,2454.0,89.50%,31/12/2017
Alcantarillado,1,2124.0,77.46%,31/12/2017
Aseo,1,2412.0,87.96%,31/12/2017
Acueducto,2,17405.0,97.26%,31/12/2017
Alcantarillado,2,16871.0,94.28%,31/12/2017
Aseo,2,17225.0,96.26%,31/12/2017
Acueducto,3,10.0,71.43%,31/12/2017
Alcantarillado,3,10.0,71.43%,31/12/2017
Aseo,3,10.0,71.43%,31/12/2017
Acueducto,4,4.0,66.67%,31/12/2017
Alcantarillado,4,4.0,66.67%,31/12/2017
Aseo,4,6.0,100.00%,31/12/2017
Acueducto,1,5727.0,70.08%,31/12/2017
Alcantarillado,1,5031.0,61.56%,31/12/2017
Aseo,1,5500.0,67.30%,31/12/2017
Acueducto,2,19500.0,98.88%,31/12/2017
Alcantarillado,2,19377.0,98.26%,31/12/2017
Aseo,2,19319.0,97.96%,31/12/2017
Acueducto,3,5841.0,99.76%,31/12/2017
Alcantarillado,3,5749.0,98.19%,31/12/2017
Aseo,3,5756.0,98.31%,31/12/2017
Acueducto,4,17.0,68.00%,31/12/2017
Alcantarillado,4,17.0,68.00%,31/12/2017
Aseo,4,25.0,100.00%,31/12/2017
Acueducto,5,5.0,83.33%,31/12/2017
Alcantarillado,5,5.0,83.33%,31/12/2017
Aseo,5,5.0,83.33%,31/12/2017
Acueducto,1,2374.0,94.77%,31/12/2017
Alcantarillado,1,1769.0,70.62%,31/12/2017
Aseo,1,2223.0,88.74%,31/12/2017
Acueducto,2,9633.0,98.62%,31/12/2017
Alcantarillado,2,9275.0,94.95%,31/12/2017
Aseo,2,9566.0,97.93%,31/12/2017
Acueducto,3,19826.0,99.47%,31/12/2017
Alcantarillado,3,19325.0,96.95%,31/12/2017
Aseo,3,19680.0,98.74%,31/12/2017
Acueducto,4,36.0,92.31%,31/12/2017
Alcantarillado,4,36.0,92.31%,31/12/2017
Aseo,4,39.0,100.00%,31/12/2017
Acueducto,5,5.0,100.00%,31/12/2017
Alcantarillado,5,5.0,100.00%,31/12/2017
Aseo,5,5.0,100.00%,31/12/2017
Acueducto,1,260.0,88.14%,31/12/2017
Alcantarillado,1,109.0,36.95%,31/12/2017
Aseo,1,232.0,78.64%,31/12/2017
Acueducto,2,3601.0,96.83%,31/12/2017
Alcantarillado,2,2720.0,73.14%,31/12/2017
Aseo,2,3565.0,95.86%,31/12/2017
Acueducto,3,24647.0,99.64%,31/12/2017
Alcantarillado,3,24576.0,99.36%,31/12/2017
Aseo,3,24487.0,99.00%,31/12/2017
Acueducto,4,550.0,99.28%,31/12/2017
Alcantarillado,4,549.0,99.10%,31/12/2017
Aseo,4,520.0,93.86%,31/12/2017
Acueducto,1,5671.0,98.37%,31/12/2017
Alcantarillado,1,5656.0,98.11%,31/12/2017
Aseo,1,5620.0,97.48%,31/12/2017
Acueducto,2,20795.0,99.41%,31/12/2017
Alcantarillado,2,20548.0,98.23%,31/12/2017
Aseo,2,20609.0,98.52%,31/12/2017
Acueducto,3,11072.0,99.64%,31/12/2017
Alcantarillado,3,10979.0,98.80%,31/12/2017
Aseo,3,10941.0,98.46%,31/12/2017
Acueducto,4,4.0,50.00%,31/12/2017
Alcantarillado,4,4.0,50.00%,31/12/2017
Aseo,4,8.0,100.00%,31/12/2017
Acueducto,5,1.0,100.00%,31/12/2017
Alcantarillado,5,1.0,100.00%,31/12/2017
Aseo,5,0.0,0.00%,31/12/2017
Acueducto,1,3755.0,89.73%,31/12/2017
Alcantarillado,1,3534.0,84.44%,31/12/2017
Aseo,1,3449.0,82.41%,31/12/2017
Acueducto,2,18864.0,97.36%,31/12/2017
Alcantarillado,2,18615.0,96.08%,31/12/2017
Aseo,2,18563.0,95.81%,31/12/2017
Acueducto,3,17910.0,99.11%,31/12/2017
Alcantarillado,3,17945.0,99.31%,31/12/2017
Aseo,3,17619.0,97.50%,31/12/2017
Acueducto,4,5662.0,87.32%,31/12/2017
Alcantarillado,4,6476.0,99.88%,31/12/2017
Aseo,4,6403.0,98.75%,31/12/2017
Acueducto,5,1640.0,93.13%,31/12/2017
Alcantarillado,5,1760.0,99.94%,31/12/2017
Aseo,5,1695.0,96.25%,31/12/2017
Acueducto,6,7.0,87.50%,31/12/2017
Alcantarillado,6,7.0,87.50%,31/12/2017
Aseo,6,7.0,87.50%,31/12/2017
Acueducto,1,9484.0,90.32%,31/12/2017
Alcantarillado,1,9173.0,87.36%,31/12/2017
Aseo,1,9078.0,86.46%,31/12/2017
Acueducto,2,12819.0,98.15%,31/12/2017
Alcantarillado,2,12331.0,94.42%,31/12/2017
Aseo,2,12631.0,96.72%,31/12/2017
Acueducto,3,10751.0,99.44%,31/12/2017
Alcantarillado,3,10607.0,98.10%,31/12/2017
Aseo,3,10663.0,98.62%,31/12/2017
Acueducto,4,1329.0,99.40%,31/12/2017
Alcantarillado,4,1322.0,98.88%,31/12/2017
Aseo,4,1305.0,97.61%,31/12/2017
Acueducto,1,1258.0,92.43%,31/12/2017
Alcantarillado,1,1283.0,94.27%,31/12/2017
Aseo,1,1214.0,89.20%,31/12/2017
Acueducto,2,7855.0,98.50%,31/12/2017
Alcantarillado,2,7876.0,98.76%,31/12/2017
Aseo,2,7710.0,96.68%,31/12/2017
Acueducto,3,26378.0,99.07%,31/12/2017
Alcantarillado,3,26370.0,99.04%,31/12/2017
Aseo,3,26158.0,98.25%,31/12/2017
Acueducto,4,5797.0,99.84%,31/12/2017
Alcantarillado,4,5786.0,99.66%,31/12/2017
Aseo,4,5717.0,98.47%,31/12/2017
Acueducto,5,542.0,99.82%,31/12/2017
Alcantarillado,5,541.0,99.63%,31/12/2017
Aseo,5,532.0,97.97%,31/12/2017
Acueducto,6,318.0,99.69%,31/12/2017
Alcantarillado,6,317.0,99.37%,31/12/2017
Aseo,6,309.0,96.87%,31/12/2017
Acueducto,1,2.0,100.00%,31/12/2017
Alcantarillado,1,2.0,100.00%,31/12/2017
Aseo,1,2.0,100.00%,31/12/2017
Acueducto,2,1618.0,98.24%,31/12/2017
Alcantarillado,2,1632.0,99.09%,31/12/2017
Aseo,2,1608.0,97.63%,31/12/2017
Acueducto,3,10206.0,99.78%,31/12/2017
Alcantarillado,3,10122.0,98.95%,31/12/2017
Aseo,3,10061.0,98.36%,31/12/2017
Acueducto,4,18564.0,97.60%,31/12/2017
Alcantarillado,4,18539.0,97.47%,31/12/2017
Aseo,4,18015.0,94.72%,31/12/2017
Acueducto,5,1456.0,100.00%,31/12/2017
Alcantarillado,5,1456.0,100.00%,31/12/2017
Aseo,5,1448.0,99.45%,31/12/2017
Acueducto,6,1.0,100.00%,31/12/2017
Alcantarillado,6,1.0,100.00%,31/12/2017
Aseo,6,0.0,0.00%,31/12/2017
Acueducto,1,2.0,100.00%,31/12/2017
Alcantarillado,1,2.0,100.00%,31/12/2017
Aseo,1,2.0,100.00%,31/12/2017
Acueducto,2,187.0,96.89%,31/12/2017
Alcantarillado,2,192.0,99.48%,31/12/2017
Aseo,2,191.0,98.96%,31/12/2017
Acueducto,3,347.0,99.71%,31/12/2017
Alcantarillado,3,344.0,98.85%,31/12/2017
Aseo,3,343.0,98.56%,31/12/2017
Acueducto,4,13941.0,99.62%,31/12/2017
Alcantarillado,4,13893.0,99.28%,31/12/2017
Aseo,4,13400.0,95.76%,31/12/2017
Acueducto,5,28664.0,99.72%,31/12/2017
Alcantarillado,5,28639.0,99.63%,31/12/2017
Aseo,5,27192.0,94.60%,31/12/2017
Acueducto,6,199.0,94.31%,31/12/2017
Alcantarillado,6,183.0,86.73%,31/12/2017
Aseo,6,190.0,90.05%,31/12/2017
Acueducto,1,54.0,98.18%,31/12/2017
Alcantarillado,1,55.0,100.00%,31/12/2017
Aseo,1,53.0,96.36%,31/12/2017
Acueducto,2,444.0,98.23%,31/12/2017
Alcantarillado,2,444.0,98.23%,31/12/2017
Aseo,2,448.0,99.12%,31/12/2017
Acueducto,3,8402.0,99.90%,31/12/2017
Alcantarillado,3,8388.0,99.74%,31/12/2017
Aseo,3,8256.0,98.17%,31/12/2017
Acueducto,4,16162.0,99.76%,31/12/2017
Alcantarillado,4,16168.0,99.80%,31/12/2017
Aseo,4,15771.0,97.35%,31/12/2017
Acueducto,5,10095.0,99.81%,31/12/2017
Alcantarillado,5,10064.0,99.51%,31/12/2017
Aseo,5,9713.0,96.04%,31/12/2017
Acueducto,6,45.0,60.00%,31/12/2017
Alcantarillado,6,45.0,60.00%,31/12/2017
Aseo,6,44.0,58.67%,31/12/2017
Acueducto,1,10485.0,95.21%,31/12/2017
Alcantarillado,1,10380.0,94.26%,31/12/2017
Aseo,1,10374.0,94.21%,31/12/2017
Acueducto,2,13462.0,98.93%,31/12/2017
Alcantarillado,2,13339.0,98.02%,31/12/2017
Aseo,2,13341.0,98.04%,31/12/2017
Acueducto,3,11313.0,99.71%,31/12/2017
Alcantarillado,3,11229.0,98.97%,31/12/2017
Aseo,3,11111.0,97.93%,31/12/2017
Acueducto,4,3233.0,99.75%,31/12/2017
Alcantarillado,4,3233.0,99.75%,31/12/2017
Aseo,4,3200.0,98.73%,31/12/2017
Acueducto,5,1.0,100.00%,31/12/2017
Alcantarillado,5,1.0,100.00%,31/12/2017
Aseo,5,1.0,100.00%,31/12/2017
Acueducto,1,6.0,85.71%,31/12/2017
Alcantarillado,1,5.0,71.43%,31/12/2017
Aseo,1,6.0,85.71%,31/12/2017
Acueducto,2,384.0,96.48%,31/12/2017
Alcantarillado,2,390.0,97.99%,31/12/2017
Aseo,2,387.0,97.24%,31/12/2017
Acueducto,3,482.0,96.98%,31/12/2017
Alcantarillado,3,481.0,96.78%,31/12/2017
Aseo,3,480.0,96.58%,31/12/2017
Acueducto,4,1998.0,83.01%,31/12/2017
Alcantarillado,4,1985.0,82.47%,31/12/2017
Aseo,4,2176.0,90.40%,31/12/2017
Acueducto,5,9497.0,98.58%,31/12/2017
Alcantarillado,5,9432.0,97.90%,31/12/2017
Aseo,5,9223.0,95.73%,31/12/2017
Acueducto,6,37471.0,98.93%,31/12/2017
Alcantarillado,6,37572.0,99.19%,31/12/2017
Aseo,6,36006.0,95.06%,31/12/2017
Acueducto,1,74.0,98.67%,31/12/2017
Alcantarillado,1,72.0,96.00%,31/12/2017
Aseo,1,60.0,80.00%,31/12/2017
Acueducto,2,2318.0,99.19%,31/12/2017
Alcantarillado,2,2323.0,99.40%,31/12/2017
Aseo,2,2308.0,98.76%,31/12/2017
Acueducto,3,9538.0,99.70%,31/12/2017
Alcantarillado,3,9542.0,99.74%,31/12/2017
Aseo,3,9460.0,98.88%,31/12/2017
Acueducto,4,5263.0,99.45%,31/12/2017
Alcantarillado,4,5281.0,99.79%,31/12/2017
Aseo,4,5253.0,99.26%,31/12/2017
Acueducto,5,2.0,100.00%,31/12/2017
Alcantarillado,5,2.0,100.00%,31/12/2017
Aseo,5,2.0,100.00%,31/12/2017
Acueducto,1,651.0,97.75%,31/12/2017
Alcantarillado,1,640.0,96.10%,31/12/2017
Aseo,1,637.0,95.65%,31/12/2017
Acueducto,2,7507.0,98.62%,31/12/2017
Alcantarillado,2,7550.0,99.19%,31/12/2017
Aseo,2,7462.0,98.03%,31/12/2017
Acueducto,3,24179.0,99.74%,31/12/2017
Alcantarillado,3,24152.0,99.63%,31/12/2017
Aseo,3,23636.0,97.50%,31/12/2017
Acueducto,4,18577.0,98.11%,31/12/2017
Alcantarillado,4,18553.0,97.99%,31/12/2017
Aseo,4,18302.0,96.66%,31/12/2017
Acueducto,5,16234.0,99.94%,31/12/2017
Alcantarillado,5,16203.0,99.75%,31/12/2017
Aseo,5,15681.0,96.53%,31/12/2017
Acueducto,6,63.0,100.00%,31/12/2017
Alcantarillado,6,63.0,100.00%,31/12/2017
Aseo,6,58.0,92.06%,31/12/2017
Acueducto,1,99.0,87.61%,31/12/2017
Alcantarillado,1,1.0,0.88%,31/12/2017
Aseo,1,0.0,0.00%,31/12/2017
Acueducto,2,129.0,22.13%,31/12/2017
Alcantarillado,2,88.0,15.09%,31/12/2017
Aseo,2,12.0,2.06%,31/12/2017
Acueducto,3,36.0,31.58%,31/12/2017
Alcantarillado,3,41.0,35.96%,31/12/2017
Aseo,3,27.0,23.68%,31/12/2017
Acueducto,4,1.0,25.00%,31/12/2017
Alcantarillado,4,2.0,50.00%,31/12/2017
Aseo,4,0.0,0.00%,31/12/2017
Acueducto,1,4359.0,95.78%,31/12/2017
Alcantarillado,1,4210.0,92.51%,31/12/2017
Aseo,1,3873.0,85.10%,31/12/2017
Acueducto,2,12706.0,99.29%,31/12/2017
Alcantarillado,2,10761.0,84.09%,31/12/2017
Aseo,2,10135.0,79.20%,31/12/2017
Acueducto,3,7049.0,98.89%,31/12/2017
Alcantarillado,3,6827.0,95.78%,31/12/2017
Aseo,3,6487.0,91.01%,31/12/2017
Acueducto,4,1273.0,99.22%,31/12/2017
Alcantarillado,4,1255.0,97.82%,31/12/2017
Aseo,4,1227.0,95.64%,31/12/2017
Acueducto,5,11.0,91.67%,31/12/2017
Alcantarillado,5,9.0,75.00%,31/12/2017
Aseo,5,8.0,66.67%,31/12/2017
Acueducto,6,3.0,100.00%,31/12/2017
Alcantarillado,6,1.0,33.33%,31/12/2017
Aseo,6,0.0,0.00%,31/12/2017
Acueducto,1,699.0,94.33%,31/12/2017
Alcantarillado,1,237.0,31.98%,31/12/2017
Aseo,1,198.0,26.72%,31/12/2017
Acueducto,2,4708.0,97.29%,31/12/2017
Alcantarillado,2,3489.0,72.10%,31/12/2017
Aseo,2,3156.0,65.22%,31/12/2017
Acueducto,3,694.0,81.17%,31/12/2017
Alcantarillado,3,751.0,87.84%,31/12/2017
Aseo,3,720.0,84.21%,31/12/2017
Acueducto,4,898.0,96.77%,31/12/2017
Alcantarillado,4,906.0,97.63%,31/12/2017
Aseo,4,830.0,89.44%,31/12/2017
Acueducto,5,2095.0,99.95%,31/12/2017
Alcantarillado,5,2085.0,99.48%,31/12/2017
Aseo,5,1952.0,93.13%,31/12/2017
Acueducto,1,323.0,100.00%,31/12/2017
Alcantarillado,1,292.0,90.40%,31/12/2017
Aseo,1,304.0,94.12%,31/12/2017
Acueducto,2,13670.0,100.00%,31/12/2017
Alcantarillado,2,12729.0,93.12%,31/12/2017
Aseo,2,12722.0,93.07%,31/12/2017
Acueducto,3,15800.0,99.96%,31/12/2017
Alcantarillado,3,15495.0,98.03%,31/12/2017
Aseo,3,14766.0,93.41%,31/12/2017
Acueducto,4,199.0,100.00%,31/12/2017
Alcantarillado,4,170.0,85.43%,31/12/2017
Aseo,4,158.0,79.40%,31/12/2017
Acueducto,5,33.0,97.06%,31/12/2017
Alcantarillado,5,30.0,88.24%,31/12/2017
Aseo,5,30.0,88.24%,31/12/2017
Acueducto,1,1350.0,65.06%,31/12/2017
Alcantarillado,1,429.0,20.67%,31/12/2017
Aseo,1,360.0,17.35%,31/12/2017
Acueducto,2,1622.0,40.99%,31/12/2017
Alcantarillado,2,93.0,2.35%,31/12/2017
Aseo,2,146.0,3.69%,31/12/2017
Acueducto,3,428.0,34.35%,31/12/2017
Alcantarillado,3,4.0,0.32%,31/12/2017
Aseo,3,4.0,0.32%,31/12/2017
Acueducto,4,100.0,44.44%,31/12/2017
Alcantarillado,4,5.0,2.22%,31/12/2017
Aseo,4,20.0,8.89%,31/12/2017
Acueducto,5,54.0,51.43%,31/12/2017
Alcantarillado,5,54.0,51.43%,31/12/2017
Aseo,5,28.0,26.67%,31/12/2017
Acueducto,6,95.0,25.54%,31/12/2017
Alcantarillado,6,154.0,41.40%,31/12/2017
Aseo,6,86.0,23.12%,31/12/2017
